{
  "rmse_min": 4.493142791378727,
  "mae_min": 2.773999537216073,
  "r2": 0.8638540227856072,
  "n_train": 400000,
  "n_val": 100000,
  "best_iteration": 215
}